{"type":"Topology","arcs":[[[1250,2500],[80,-3],[80,-7],[79,-13],[78,-17],[77,-22],[75,-27],[73,-32],[71,-36],[69,-41],[65,-45],[62,-49],[60,-53],[55,-56],[52,-60],[48,-62],[43,-66],[39,-68],[35,-71],[30,-73],[25,-74],[21,-76],[16,-77],[10,-78],[6,-78],[1,-78],[-4,-79],[-9,-78],[-14,-77],[-18,-77],[-24,-75],[-27,-73],[-33,-72],[-36,-69],[-41,-67],[-45,-64],[-48,-61],[-52,-58],[-56,-55],[-58,-51],[-62,-48],[-64,-43],[-67,-39],[-69,-35],[-71,-31],[-73,-26],[-74,-22],[-75,-16],[-76,-12],[-77,-8],[-77,-2],[-77,2],[-77,8],[-76,12],[-75,16],[-74,22],[-73,26],[-71,31],[-69,35],[-67,39],[-64,43],[-62,48],[-58,51],[-56,55],[-52,58],[-48,61],[-45,64],[-41,67],[-36,69],[-33,72],[-27,73],[-24,75],[-18,77],[-14,77],[-9,78],[-4,79],[1,78],[6,78],[10,78],[16,77],[21,76],[25,74],[30,73],[35,71],[39,68],[43,66],[48,62],[52,60],[55,56],[60,53],[62,49],[65,45],[69,41],[71,36],[73,32],[75,27],[77,22],[78,17],[79,13],[80,7],[80,3]]],"transform":{"scale":[0.002346516670361109,0.002166253783357526],"translate":[113.1837579418417,20.63003931409517]},"objects":{"300km_line":{"type":"GeometryCollection","geometries":[{"type":"LineString","arcs":[0],"properties":{"LEFT_FID":-1,"RIGHT_FID":0}}]}}}