{"type":"Topology","arcs":[[[1250,2500],[81,-3],[80,-7],[80,-13],[78,-17],[78,-23],[75,-27],[74,-32],[71,-36],[69,-41],[65,-45],[63,-49],[59,-53],[56,-57],[51,-60],[48,-63],[43,-66],[39,-68],[34,-71],[30,-73],[25,-75],[20,-76],[15,-77],[10,-78],[6,-78],[0,-79],[-5,-78],[-9,-78],[-14,-77],[-19,-77],[-24,-74],[-28,-74],[-33,-71],[-37,-69],[-41,-67],[-44,-64],[-49,-61],[-52,-58],[-56,-54],[-58,-51],[-62,-47],[-64,-43],[-67,-39],[-68,-35],[-71,-31],[-72,-25],[-74,-22],[-75,-16],[-75,-12],[-77,-8],[-76,-2],[-76,2],[-77,8],[-75,12],[-75,16],[-74,22],[-72,25],[-71,31],[-68,35],[-67,39],[-64,43],[-62,47],[-58,51],[-56,54],[-52,58],[-49,61],[-44,64],[-41,67],[-37,69],[-33,71],[-28,74],[-24,74],[-19,77],[-14,77],[-9,78],[-5,78],[0,79],[6,78],[10,78],[15,77],[20,76],[25,75],[30,73],[34,71],[39,68],[43,66],[48,63],[52,60],[55,57],[59,52],[63,50],[65,45],[69,41],[71,36],[74,32],[75,27],[78,23],[78,17],[80,13],[80,7],[81,3]]],"transform":{"scale":[0.0031283556809655294,0.00288749582949098],"translate":[112.2064587033275,19.728124305111738]},"objects":{"400km_line":{"type":"GeometryCollection","geometries":[{"type":"LineString","arcs":[0],"properties":{"LEFT_FID":-1,"RIGHT_FID":0}}]}}}